INSERT INTO users (id, openid, unionid, phone, status)
VALUES ('user_demo_1001', 'mock_openid_mvp_code', NULL, '13800000000', 'ACTIVE');

INSERT INTO user_profiles (user_id, nickname, avatar, tags_json, preferences_json)
VALUES ('user_demo_1001', '微信用户', '', '["亲子","湖景偏好"]', '{"language":"zh-CN"}');

INSERT INTO rooms (
    id,
    name,
    subtitle,
    cover,
    capacity,
    area,
    bed_type,
    scenic_type,
    tags_json,
    base_price,
    breakfast,
    intro,
    amenities_json,
    rules_json,
    can_cancel_before_hours,
    status
) VALUES
    (
        'room-lake-101',
        '湖景大床房',
        '推窗见湖 | 亲子友好 | 含双早',
        '/assets/TDesign-logo_light.png',
        2,
        32,
        '1.8m 大床',
        '湖景',
        '["热门","私域专属价"]',
        468,
        '含早餐',
        '房间位于二楼，正对泸沽湖东岸，配备观景阳台与独立卫浴，适合情侣与小家庭。',
        '["空调","地暖","免费 Wi-Fi","智能门锁","观景阳台"]',
        '["14:00 后入住","12:00 前退房","不可加床","支持宠物入住（需提前沟通）"]',
        24,
        'ACTIVE'
    ),
    (
        'room-loft-301',
        '湖景 Loft 亲子房',
        '复式空间 | 可住 3 人 | 含双早',
        '/assets/TDesign-logo_light.png',
        3,
        45,
        '1.8m 大床 + 1.2m 单床',
        '湖景',
        '["亲子推荐","含接驳"]',
        598,
        '含早餐',
        '复式结构，楼上休憩区可看湖。适合亲子出行或好友结伴入住，房内含儿童用品包。',
        '["空调","地暖","免费 Wi-Fi","浴缸","儿童洗漱包"]',
        '["14:00 后入住","12:00 前退房","可加床（收费）","支持宠物入住（需提前沟通）"]',
        48,
        'ACTIVE'
    ),
    (
        'room-mountain-203',
        '静谧山景双床房',
        '高性价比 | 安静好睡 | 含双早',
        '/assets/TDesign-logo_light.png',
        2,
        28,
        '1.2m 双床',
        '山景',
        '["性价比","可改期"]',
        388,
        '含早餐',
        '背湖一侧，安静舒适，适合自驾游客与轻旅居用户。靠近停车区与餐饮合作门店。',
        '["空调","地暖","免费 Wi-Fi","智能电视","遮光窗帘"]',
        '["14:00 后入住","12:00 前退房","不可加床","支持宠物入住（需提前沟通）"]',
        24,
        'ACTIVE'
    );

INSERT INTO room_prices (room_id, biz_date, price, source) VALUES
    ('room-lake-101', '2026-02-12', 468, 'BASE'),
    ('room-lake-101', '2026-02-13', 548, 'WEEKEND'),
    ('room-lake-101', '2026-02-14', 548, 'WEEKEND'),
    ('room-lake-101', '2026-02-15', 468, 'BASE'),
    ('room-lake-101', '2026-02-16', 468, 'BASE'),
    ('room-lake-101', '2026-02-17', 468, 'BASE'),
    ('room-lake-101', '2026-02-18', 468, 'BASE'),
    ('room-lake-101', '2026-02-19', 468, 'BASE'),
    ('room-lake-101', '2026-02-20', 548, 'WEEKEND'),
    ('room-lake-101', '2026-02-21', 548, 'WEEKEND'),
    ('room-lake-101', '2026-02-22', 468, 'BASE'),
    ('room-lake-101', '2026-02-23', 468, 'BASE'),
    ('room-lake-101', '2026-02-24', 468, 'BASE'),
    ('room-lake-101', '2026-02-25', 468, 'BASE'),
    ('room-lake-101', '2026-02-26', 468, 'BASE'),
    ('room-lake-101', '2026-02-27', 548, 'WEEKEND'),
    ('room-lake-101', '2026-02-28', 548, 'WEEKEND'),
    ('room-lake-101', '2026-03-01', 468, 'BASE'),
    ('room-lake-101', '2026-03-02', 468, 'BASE'),
    ('room-lake-101', '2026-03-03', 468, 'BASE'),
    ('room-lake-101', '2026-03-04', 468, 'BASE'),
    ('room-lake-101', '2026-03-05', 468, 'BASE'),
    ('room-lake-101', '2026-03-06', 548, 'WEEKEND'),
    ('room-lake-101', '2026-03-07', 548, 'WEEKEND'),
    ('room-lake-101', '2026-03-08', 468, 'BASE'),
    ('room-lake-101', '2026-03-09', 468, 'BASE'),
    ('room-lake-101', '2026-03-10', 468, 'BASE'),
    ('room-lake-101', '2026-03-11', 468, 'BASE'),
    ('room-lake-101', '2026-03-12', 468, 'BASE'),
    ('room-lake-101', '2026-03-13', 548, 'WEEKEND'),
    ('room-loft-301', '2026-02-12', 598, 'BASE'),
    ('room-loft-301', '2026-02-13', 678, 'WEEKEND'),
    ('room-loft-301', '2026-02-14', 678, 'WEEKEND'),
    ('room-loft-301', '2026-02-15', 598, 'BASE'),
    ('room-loft-301', '2026-02-16', 598, 'BASE'),
    ('room-loft-301', '2026-02-17', 598, 'BASE'),
    ('room-loft-301', '2026-02-18', 598, 'BASE'),
    ('room-loft-301', '2026-02-19', 598, 'BASE'),
    ('room-loft-301', '2026-02-20', 678, 'WEEKEND'),
    ('room-loft-301', '2026-02-21', 678, 'WEEKEND'),
    ('room-loft-301', '2026-02-22', 598, 'BASE'),
    ('room-loft-301', '2026-02-23', 598, 'BASE'),
    ('room-loft-301', '2026-02-24', 598, 'BASE'),
    ('room-loft-301', '2026-02-25', 598, 'BASE'),
    ('room-loft-301', '2026-02-26', 598, 'BASE'),
    ('room-loft-301', '2026-02-27', 678, 'WEEKEND'),
    ('room-loft-301', '2026-02-28', 678, 'WEEKEND'),
    ('room-loft-301', '2026-03-01', 598, 'BASE'),
    ('room-loft-301', '2026-03-02', 598, 'BASE'),
    ('room-loft-301', '2026-03-03', 598, 'BASE'),
    ('room-loft-301', '2026-03-04', 598, 'BASE'),
    ('room-loft-301', '2026-03-05', 598, 'BASE'),
    ('room-loft-301', '2026-03-06', 678, 'WEEKEND'),
    ('room-loft-301', '2026-03-07', 678, 'WEEKEND'),
    ('room-loft-301', '2026-03-08', 598, 'BASE'),
    ('room-loft-301', '2026-03-09', 598, 'BASE'),
    ('room-loft-301', '2026-03-10', 598, 'BASE'),
    ('room-loft-301', '2026-03-11', 598, 'BASE'),
    ('room-loft-301', '2026-03-12', 598, 'BASE'),
    ('room-loft-301', '2026-03-13', 678, 'WEEKEND'),
    ('room-mountain-203', '2026-02-12', 388, 'BASE'),
    ('room-mountain-203', '2026-02-13', 468, 'WEEKEND'),
    ('room-mountain-203', '2026-02-14', 468, 'WEEKEND'),
    ('room-mountain-203', '2026-02-15', 388, 'BASE'),
    ('room-mountain-203', '2026-02-16', 388, 'BASE'),
    ('room-mountain-203', '2026-02-17', 388, 'BASE'),
    ('room-mountain-203', '2026-02-18', 388, 'BASE'),
    ('room-mountain-203', '2026-02-19', 388, 'BASE'),
    ('room-mountain-203', '2026-02-20', 468, 'WEEKEND'),
    ('room-mountain-203', '2026-02-21', 468, 'WEEKEND'),
    ('room-mountain-203', '2026-02-22', 388, 'BASE'),
    ('room-mountain-203', '2026-02-23', 388, 'BASE'),
    ('room-mountain-203', '2026-02-24', 388, 'BASE'),
    ('room-mountain-203', '2026-02-25', 388, 'BASE'),
    ('room-mountain-203', '2026-02-26', 388, 'BASE'),
    ('room-mountain-203', '2026-02-27', 468, 'WEEKEND'),
    ('room-mountain-203', '2026-02-28', 468, 'WEEKEND'),
    ('room-mountain-203', '2026-03-01', 388, 'BASE'),
    ('room-mountain-203', '2026-03-02', 388, 'BASE'),
    ('room-mountain-203', '2026-03-03', 388, 'BASE'),
    ('room-mountain-203', '2026-03-04', 388, 'BASE'),
    ('room-mountain-203', '2026-03-05', 388, 'BASE'),
    ('room-mountain-203', '2026-03-06', 468, 'WEEKEND'),
    ('room-mountain-203', '2026-03-07', 468, 'WEEKEND'),
    ('room-mountain-203', '2026-03-08', 388, 'BASE'),
    ('room-mountain-203', '2026-03-09', 388, 'BASE'),
    ('room-mountain-203', '2026-03-10', 388, 'BASE'),
    ('room-mountain-203', '2026-03-11', 388, 'BASE'),
    ('room-mountain-203', '2026-03-12', 388, 'BASE'),
    ('room-mountain-203', '2026-03-13', 468, 'WEEKEND');

INSERT INTO room_inventory (room_id, biz_date, total_stock, available_stock, locked_stock) VALUES
    ('room-lake-101', '2026-02-12', 3, 3, 0),
    ('room-lake-101', '2026-02-13', 3, 2, 1),
    ('room-lake-101', '2026-02-14', 3, 2, 1),
    ('room-lake-101', '2026-02-15', 3, 3, 0),
    ('room-lake-101', '2026-02-16', 3, 3, 0),
    ('room-lake-101', '2026-02-17', 3, 3, 0),
    ('room-lake-101', '2026-02-18', 3, 3, 0),
    ('room-lake-101', '2026-02-19', 3, 3, 0),
    ('room-lake-101', '2026-02-20', 3, 2, 1),
    ('room-lake-101', '2026-02-21', 3, 2, 1),
    ('room-lake-101', '2026-02-22', 3, 3, 0),
    ('room-lake-101', '2026-02-23', 3, 3, 0),
    ('room-lake-101', '2026-02-24', 3, 3, 0),
    ('room-lake-101', '2026-02-25', 3, 3, 0),
    ('room-lake-101', '2026-02-26', 3, 3, 0),
    ('room-lake-101', '2026-02-27', 3, 2, 1),
    ('room-lake-101', '2026-02-28', 3, 2, 1),
    ('room-lake-101', '2026-03-01', 3, 3, 0),
    ('room-lake-101', '2026-03-02', 3, 3, 0),
    ('room-lake-101', '2026-03-03', 3, 3, 0),
    ('room-lake-101', '2026-03-04', 3, 3, 0),
    ('room-lake-101', '2026-03-05', 3, 3, 0),
    ('room-lake-101', '2026-03-06', 3, 2, 1),
    ('room-lake-101', '2026-03-07', 3, 2, 1),
    ('room-lake-101', '2026-03-08', 3, 3, 0),
    ('room-lake-101', '2026-03-09', 3, 3, 0),
    ('room-lake-101', '2026-03-10', 3, 3, 0),
    ('room-lake-101', '2026-03-11', 3, 3, 0),
    ('room-lake-101', '2026-03-12', 3, 3, 0),
    ('room-lake-101', '2026-03-13', 3, 2, 1),
    ('room-loft-301', '2026-02-12', 3, 3, 0),
    ('room-loft-301', '2026-02-13', 3, 2, 1),
    ('room-loft-301', '2026-02-14', 3, 2, 1),
    ('room-loft-301', '2026-02-15', 3, 3, 0),
    ('room-loft-301', '2026-02-16', 3, 3, 0),
    ('room-loft-301', '2026-02-17', 3, 3, 0),
    ('room-loft-301', '2026-02-18', 3, 3, 0),
    ('room-loft-301', '2026-02-19', 3, 3, 0),
    ('room-loft-301', '2026-02-20', 3, 2, 1),
    ('room-loft-301', '2026-02-21', 3, 2, 1),
    ('room-loft-301', '2026-02-22', 3, 3, 0),
    ('room-loft-301', '2026-02-23', 3, 3, 0),
    ('room-loft-301', '2026-02-24', 3, 3, 0),
    ('room-loft-301', '2026-02-25', 3, 3, 0),
    ('room-loft-301', '2026-02-26', 3, 3, 0),
    ('room-loft-301', '2026-02-27', 3, 2, 1),
    ('room-loft-301', '2026-02-28', 3, 2, 1),
    ('room-loft-301', '2026-03-01', 3, 3, 0),
    ('room-loft-301', '2026-03-02', 3, 3, 0),
    ('room-loft-301', '2026-03-03', 3, 3, 0),
    ('room-loft-301', '2026-03-04', 3, 3, 0),
    ('room-loft-301', '2026-03-05', 3, 3, 0),
    ('room-loft-301', '2026-03-06', 3, 2, 1),
    ('room-loft-301', '2026-03-07', 3, 2, 1),
    ('room-loft-301', '2026-03-08', 3, 3, 0),
    ('room-loft-301', '2026-03-09', 3, 3, 0),
    ('room-loft-301', '2026-03-10', 3, 3, 0),
    ('room-loft-301', '2026-03-11', 3, 3, 0),
    ('room-loft-301', '2026-03-12', 3, 3, 0),
    ('room-loft-301', '2026-03-13', 3, 2, 1),
    ('room-mountain-203', '2026-02-12', 3, 3, 0),
    ('room-mountain-203', '2026-02-13', 3, 2, 1),
    ('room-mountain-203', '2026-02-14', 3, 2, 1),
    ('room-mountain-203', '2026-02-15', 3, 3, 0),
    ('room-mountain-203', '2026-02-16', 3, 3, 0),
    ('room-mountain-203', '2026-02-17', 3, 3, 0),
    ('room-mountain-203', '2026-02-18', 3, 3, 0),
    ('room-mountain-203', '2026-02-19', 3, 3, 0),
    ('room-mountain-203', '2026-02-20', 3, 2, 1),
    ('room-mountain-203', '2026-02-21', 3, 2, 1),
    ('room-mountain-203', '2026-02-22', 3, 3, 0),
    ('room-mountain-203', '2026-02-23', 3, 3, 0),
    ('room-mountain-203', '2026-02-24', 3, 3, 0),
    ('room-mountain-203', '2026-02-25', 3, 3, 0),
    ('room-mountain-203', '2026-02-26', 3, 3, 0),
    ('room-mountain-203', '2026-02-27', 3, 2, 1),
    ('room-mountain-203', '2026-02-28', 3, 2, 1),
    ('room-mountain-203', '2026-03-01', 3, 3, 0),
    ('room-mountain-203', '2026-03-02', 3, 3, 0),
    ('room-mountain-203', '2026-03-03', 3, 3, 0),
    ('room-mountain-203', '2026-03-04', 3, 3, 0),
    ('room-mountain-203', '2026-03-05', 3, 3, 0),
    ('room-mountain-203', '2026-03-06', 3, 2, 1),
    ('room-mountain-203', '2026-03-07', 3, 2, 1),
    ('room-mountain-203', '2026-03-08', 3, 3, 0),
    ('room-mountain-203', '2026-03-09', 3, 3, 0),
    ('room-mountain-203', '2026-03-10', 3, 3, 0),
    ('room-mountain-203', '2026-03-11', 3, 3, 0),
    ('room-mountain-203', '2026-03-12', 3, 3, 0),
    ('room-mountain-203', '2026-03-13', 3, 2, 1);

INSERT INTO orders (
    id,
    order_no,
    user_id,
    source,
    room_id,
    room_name,
    check_in_date,
    check_out_date,
    nights,
    guest_name,
    guest_phone,
    arrival_time,
    remark,
    total_amount,
    status,
    paid_at
) VALUES (
    'order_seed_202602120001',
    'SF202602129001',
    'user_demo_1001',
    'direct',
    'room-mountain-203',
    '静谧山景双床房',
    '2026-02-13',
    '2026-02-14',
    1,
    '演示住客',
    '13800000000',
    '18:00',
    '系统初始化订单',
    468,
    'COMPLETED',
    CURRENT_TIMESTAMP
);
